pakketnummer,potmaat
1.1,gerolde kluit
1.2,gerolde kluit
1.3,gerolde kluit
1.4,gerolde kluit
1.5,gerolde kluit
1.10,gerolde kluit
1.11,gerolde kluit
1.12,gerolde kluit
1.13,gerolde kluit
1.14,gerolde kluit
1.15,gerolde kluit
1.20,gerolde kluit
1.21,gerolde kluit
1.22,gerolde kluit
1.30,gerolde kluit
1.31,gerolde kluit
1.32,gerolde kluit
2.1,P9
2.2,P9
2.3,P9
2.4,P9
2.5,P9
2.6,P9
2.7,P9
2.8,P9
2.9,P9
3.1,P9
3.2,P9
3.3,P9
3.4,P9
3.5,P9
3.6,P9
3.7,P9
3.8,P9
4.0,P9
4.1,P9
4.2,P9
4.3,P9
5.1,gerolde kluit
5.2,gerolde kluit
5.3,gerolde kluit
5.4,gerolde kluit
5.5,gerolde kluit
5.6,gerolde kluit
5.7,gerolde kluit
6.1,P9
6.2,P9
6.3,P9
6.4,P9
6.5,P9
7.1,P9
7.2,P9
8.1,P9
8.2,P9
8.3,P9
8.4,P9
8.5,P9
8.6,P9
8.7,P9
8.8,P9
8.9,P9
8.10,P9
8.11,P9
8.12,P9
8.13,P9
8.14,P9
8.15,P9
8.16,P9
8.17,P9
8.18,P9
8.19,P9
8.20,P9
8.21,P9
8.22,P9
8.23,P9
8.24,P9
8.25,P9
8.26,P9
9.1,P9
9.2,P9
9.4,P9
9.5,P9
9.6,P9
9.7,P9
9.8,P9
9.9,P9
9.10,P9
9.11,P9
10.1,gerolde kluit
10.2,gerolde kluit
10.3,gerolde kluit
10.4,gerolde kluit
10.5,gerolde kluit
10.6,gerolde kluit
10.7,gerolde kluit
10.8,gerolde kluit
10.9,gerolde kluit
10.10,gerolde kluit
10.11,gerolde kluit
11.0,gerolde kluit
11.1,gerolde kluit
11.2,gerolde kluit
11.3,gerolde kluit
11.4,gerolde kluit
11.5,gerolde kluit
11.6,gerolde kluit
11.7,gerolde kluit
12.1,P14
12.2,P14
13.1,P9
13.2,P9
13.3,P9
13.4,P9
13.5,P9
13.6,P9
13.7,P9
14.1,gerolde kluit
14.2,gerolde kluit
15.1,Kluit/P9 in tube+aardbeien
16.1,gerolde kluit
16.2,gerolde kluit
16.3,gerolde kluit
16.4,gerolde kluit
16.5,gerolde kluit
16.6,gerolde kluit
16.7,gerolde kluit
16.8,gerolde kluit
16.9,gerolde kluit
17.1,gerolde kluit
17.2,gerolde kluit
17.3,gerolde kluit
17.4,gerolde kluit
17.5,gerolde kluit
17.6,gerolde kluit
17.7,gerolde kluit
18.1,gerolde kluit
18.2,gerolde kluit
18.3,gerolde kluit
18.4,gerolde kluit
18.5,gerolde kluit
18.6,gerolde kluit
18.7,gerolde kluit
18.8,gerolde kluit
19.0,gerolde kluit
19.1,gerolde kluit
19.2,gerolde kluit
21.0,gerolde kluit
21.1,gerolde kluit
21.2,gerolde kluit
22.1,P15
22.2,P15
23.1,P12
23.2,P12
23.3,P17
23.4,P17
24.1,P9
24.2,P9
25.1,P9
25.2,P9
26.1,gerolde kluit
26.2,gerolde kluit
26.3,gerolde kluit
26.4,gerolde kluit
26.5,gerolde kluit
27.1,1 zak x 20 planten
27.2,2 zak x 20 planten
27.3,3 zak x 20 planten
28.1,gerolde kluit
28.2,gerolde kluit
28.3,gerolde kluit
29.1,P9
29.2,P9
30.1,P9
31.0,P9
31.1,P9
31.2,P9
32.1,gerolde kluit
32.2,gerolde kluit
33.1,P9
33.2,P9
34.1,P9
34.2,P9
35.1,P9
36.1,gerolde kluit
36.2,gerolde kluit
36.3,gerolde kluit
36.4,gerolde kluit
36.5,gerolde kluit
37.0,P9
39.0,P9
39.1,P9
39.2,P9
40.1,P14
40.2,P14
40.3,P14
40.4,P14
40.5,P14
40.6,P14
40.7,P14
40.8,P14
41.1,P17
41.2,P17
41.3,P10
41.4,P10
44.1,P9
44.2,P9
44.3,P9
44.4,P9
44.5,P9
44.6,P9
44.7,P9
44.8,P9
50.1,P17
50.2,P17
52.1,P9
52.2,P9
53.1,P9
53.2,P9
54.1,P9
54.2,P9
55.1,P9
55.2,P9
56.1,P9
56.2,P9
56.3,P9
56.4,P9
57.1,P23
57.2,P23
57.3,P23
58.1,P23
58.2,P23
60.1,P9
60.2,P9
61.1,P9
61.2,P9
62.1,P9
62.2,P9
63.1,P9
63.2,P9
64.1,P9
64.2,P9
70.1,P9
70.2,P9
70.3,P9
70.4,P9
70.5,P9
70.6,P9
70.7,P9
70.8,P9
70.9,P9
70.10,P9
70.11,P9
70.12,P9
71.0,P9
71.1,P9
71.2,P9
71.3,P9
71.4,P9
71.5,P9
71.6,P9
71.7,P9
71.8,P9
71.9,P9
72.0,P13
72.1,P13
72.2,P13
72.3,P13
72.4,P13
72.5,P13
72.6,P13
72.7,P13
72.8,P13
72.9,P13
100.1,P19
100.2,P19
100.3,P14
100.4,P14
100.5,P14
100.6,P14
101.0,P9
101.1,P9
101.2,P9
101.3,P9
101.4,P9
101.5,P9
101.6,P9
101.7,P9
102.1,P12
102.2,P12
103.1,P9
104.1,P9
104.2,P9
105.0,P9
105.1,P9
105.2,P9
106.0,P9
106.1,P9
106.2,P9
107.0,P9
107.1,P9
107.2,P9
110.1,P12
110.2,P12
110.3,P12
110.4,P12
110.5,P12
110.6,P12
110.7,P12
110.8,P12
110.9,P12
111.1,P12
111.2,P12
114.1,P12
115.1,P12
116.1,P12
117.1,P12
118.1,P12
119.1,P12
120.1,P12
121.1,P12
122.1,P12
123.1,P12
128.1,P17
128.2,P17
129.1,P17
129.2,P17
129.3,P17
129.4,P17
129.5,P17
129.6,P17
130.0,P17
130.1,P17
130.2,P17
130.3,P17
130.4,P17
130.5,P17
141.1,P14
141.2,P14
141.3,P17
141.4,P17
150.1,P15
150.2,P15
150.3,P21
150.4,P21
151.1,P15
151.2,P15
151.3,P19
151.4,P19
152.1,P15
152.2,P15
152.3,P21
152.4,P21
153.1,P14
153.2,P14
153.3,P21
153.4,P21
160.1,P15
161.0,P19
161.1,P19
161.2,P19
200.0,P17
200.1,P17
200.2,P17
200.3,P17
200.4,P17
200.5,P17
200.6,P17
200.7,P17
200.8,P17
200.9,P17
201.0,P17
201.1,P17
201.2,P17
201.3,P17
201.4,P17
201.5,P17
201.6,P17
202.0,C4
202.1,C4
202.2,C4
202.3,C4
202.4,C4
204.0,P17
204.1,P17
204.2,P17
204.3,P17
206.1,P17
206.2,P17
206.3,P17
206.4,P17
207.0,P17
207.1,P17
207.2,P17
207.3,P17
207.4,P17
209.0,P17
209.1,P17
209.2,P17
209.3,P17
209.4,P17
209.5,P17
210.0,P19
210.1,P19
210.2,P19
210.3,P19
210.4,P19
230.1,P9
231.1,P9
232.1,P9
233.1,P9
234.1,P9
235.1,P9
236.0,P9
236.1,P9
237.0,P9
237.1,P9
249.0,P9
249.1,P9
249.2,P9
249.3,P9
249.4,P9
250.1,P17
250.2,P17
251.1,P17
251.2,P17
252.1,P17
252.2,P17
253.1,P17
253.2,P17
254.1,P17
254.2,P17
255.1,P17
255.2,P17
256.1,P17
256.2,P17
257.1,P17
257.2,P17
258.1,P17
258.2,P17
259.1,P17
259.2,P17
260.1,P17
260.2,P17
261.1,P17
261.2,P17
262.1,P17
262.2,P17
263.1,P17
263.2,P17
264.1,P17
264.2,P17
269.1,P10
270.0,P14
270.1,P14
270.2,P14
271.1,P14
271.2,P14
272.1,P17
272.2,P17
272.3,P17
273.1,P17
273.2,P17
273.3,P17
274.1,"P10,5"
274.2,"P10,5"
274.3,"P10,5"
274.4,"P10,5"
274.5,"P10,5"
275.1,P19
275.2,P19
276.1,P19
276.2,P19
277.1,P19
277.2,P19
278.1,P19
278.2,P19
279.1,P19
279.2,P19
279.3,P19
279.4,P19
280.1,P15
280.2,P15
281.1,P19
281.2,P19
281.3,P19
282.1,P19
282.2,P19
282.3,P19
283.1,P19
283.2,P19
283.3,P19
290.1,P15
290.2,P15
291.1,P15
291.2,P15
292.1,P15
292.2,P15
293.1,P15
293.2,P15
294.1,P15
294.2,P15
295.1,P15
295.2,P15
296.1,P15
296.2,P15
297.1,P19
297.2,P19
298.1,P19
298.2,P19
299.1,P19
299.2,P19
300.1,P19
300.2,P19
301.1,P19
301.2,P19
302.1,P19
302.2,P19
303.1,P19
303.2,P19
304.1,P19
304.2,P19
305.1,P19
305.2,P19
306.1,P19
306.2,P19
306.3,P19
306.4,P19
310.1,P24
310.2,P24
330.1,P19
330.2,P19
331.1,P19
331.2,P19
332.1,P19
332.2,P19
333.1,P19
333.2,P19
340.1,P15
340.2,P15
341.1,P15
341.2,P15
342.1,P15
342.2,P15
343.1,P15
343.2,P15
345.1,P19
345.2,P19
346.1,P19
346.2,P19
347.1,P19
347.2,P19
348.1,P19
348.2,P19
T001,P19
T001p,P19
T002,P19
T002p,P19
T003,P19
T003p,P19
T004,P19
T004p,P19
T005,P19
T005p,P19
T006,P23
T007,P23
T008,P23
T009,P23
T010,P17
T011,P17
T012,P17
